id;name
139617b7-8089-4014-b818-fecffce2778f;JarekSCampaignTest
3f580392-a7e2-4fd4-a8ef-7c6174547dbe;Campaign Endless 2
50946b80-3bfb-4daa-9ede-c95863222d88;JarekS20171219
5ba65aec-06bf-4943-af4e-c62f4e52fa88;Campaign Endless
937ff5a6-5c60-4a0b-a160-e4dd5fcfcad3;20190208_specCharacters
01daa50f-8d3a-444e-b777-53b6f9aefe80;JarekSList_test
40a2cc3a-ed41-479a-92fe-15c4747f857a;API Campaign (DSZ)
6d9cc486-4256-460b-aede-628abc859975;2016
dc8f6fed-d47a-4a4c-8a69-333f8183dfc1;JareSCampaign20170627
aa1545aa-fed9-4da1-a6f9-f7ac39fc212d;Mobile app
62ef1fff-4efd-4aea-9c26-44d84398449b;Poland (MSz)
765d6b45-b143-4c7f-9d0c-7c855bedfe5c;2017
850a4231-cd25-4e28-8ad8-423188b539ab;JarekS20171219_1
8b9113ae-3cdb-49bb-a5d9-72cd9803bd2a;Test (KBo)
ef216ac0-9b22-418e-a021-6fa752828bdb;DariuszTest
e92b6f75-e8bd-4419-904a-c102f841acfc;20180309
099a2bfe-ca1f-45ea-adfa-9c90d3e3fd89;OutboundDemo
5732a0ab-a701-4642-9e5d-6e203947f4df;20180428G_D
67030abb-b68e-466e-b685-17bc4cc651c4;JarekS20170817
e839233f-8587-4389-88a6-e263d3d2283d;Dariusz-Campaign
d14797a6-0d87-4020-ad2b-912b2f3544d8;20170628Test
4a7c2eda-cfa1-4d90-8b1c-4d696bcb4756;DevCon17
528bbf0a-e530-4871-a23d-90af8ea34af3;Fake campaign (MSz)
7537e547-7e27-471e-92c8-a1f1968dbde0;Preview - Leszek
49a2bb9f-ab45-4166-84d0-16db2268180e;20180215
d70b2821-cbe9-4d04-a2ef-e97c37f2c5f7;20180129
c3a29754-45f2-401b-bca1-b1852aa85b69;20180113Campaign
