id;name
051578a8-b452-4341-ada8-ffda47088360;20170628ContactList
298431da-d859-4aa4-a28c-c91d0df0134f;API CL (DSZ)
3319af49-8b15-4271-bf49-c2be59d1fa42;GPS Integration
3451f36d-97b3-4846-8054-997381dfea61;testff2
7f6eb86e-31d4-45e4-aa55-c244678f4ffe;20180428G_D
bc9e2cb0-d07f-4f92-9fe0-228b38fab608;20180309
d83645e2-650b-468a-9e57-00b2fe1552e6;ContactsDaniel
ea6bd348-4de2-4385-9686-3440aad5254e;HackatonCallList
3ff1c1ed-9e64-4a02-9ae9-d808fa69607d;20190208PolishAndGermanCharacters1
16369034-77aa-46c1-8ed8-cfed5b9145f8;OutboundDemo
32c5397b-874a-470e-a341-e298ed5f2473;20180113
45bea88a-0b9a-4637-b8d0-b8f494d1302d;Nere
4f25d0ac-0468-48e3-a546-3dd1826f7d47;DariuszTest
017d0836-a11a-4518-a69b-5e5b4bcb4c86;JarekStest20170529
5961d2cf-f435-4338-b3a9-dfeeb32ca34d;Jarek20170627
5ab3b52c-19e8-484e-9761-6d131c355c0d;Fake contact list (MSz)
5e6787c3-a728-4f17-b12f-05897807bd59;JarekS_List1
7c38795e-ee8c-42fe-92df-2b4a977edfc1;20180218
86b07dd2-3dbe-42ac-a87d-f5dda351181e;CarDemo
02859bbf-1d07-4a90-961a-eeffee7390ca;Contacts - Daniel (API Test)
1406f774-eeca-42d2-b1a7-2dd4eda4d6ff;JarekS20171219
196f3506-a16b-4def-80ae-433cdceaac7e;20180129
1b198d8e-e545-4e16-829f-80c33383a21c;JarekS20170817
441ebf80-36ab-4be6-b32f-6652a701c26c;20180215
5482986b-ede1-4829-8f70-dd1da9547038;HackatonCallList2
8b2eff9b-a146-413c-a2e1-fb42be4ad5b6;Test
bfe3366c-730f-4804-ac0c-e929849c6475;JarekList_test
ec7f0e58-2c88-4643-83ba-25093746ef37;Contacts - Leszek
0ab904aa-5f93-4d70-a0c3-ba85e70d9cbd;Web campaign (MSz)
3aceb9cf-feae-41a0-8cde-3a6434b79ab9;Lista Daniela
3ade6c84-79cc-4208-9b52-7d3a8bd01c7e;name01
557a3e2a-2284-4f88-bb08-f354f5a008b8;JarekS20171219_1
57dc9585-57be-4931-85de-5b1fe9d00920;Contacts Endless
8f43980e-b2eb-4376-afd6-792710c929be;DevCon17
a7846cfa-9323-4bbb-9b2d-0818a5ea5c0b;20180830
