id;name
15ab193a-048d-4de9-a6b5-ba14ce1ee963;Meal|Meal
227b37e2-f1d0-4dd0-8f50-badd7cf6d158;Break|Break
31fe3bac-dea6-44b7-bed7-47f91660a1a0;Busy|Busy
327cac9b-e228-4fd2-ac79-a5ffef404281;Breakfast|Meal
3cee333e-2cc0-421f-bf51-cef82bbdba8d;API Break|Break
3fd96123-badb-4f69-bc03-1b1ccc6d8014;Meal|Meal
58a57ed4-e016-43d8-b0cb-3472216a104f;Internal|Busy
5d60e072-d618-422b-a130-6a375426b914;Customer|Busy
5e5c5c66-ea97-4e7f-ac41-6424784829f2;Away|Away
68e778ec-2606-4f5e-a334-46c64d8e7cad;Available|Available
7ffa01cd-7866-4ad7-8faa-31e11b42f51f;Idle|Idle
bbdff279-7ae1-48ea-bade-7831d7234c64;Meeting|Meeting
ccf3c10a-aa2c-4845-8e8d-f59fa48c58e5;Offline|Offline
d2390a99-8546-bad9-8f0a-219548e8aeb0;Training|Training
e08eaf1b-ee47-4fa9-a231-1200e284798f;On Queue|On Queue
e8532066-bb1b-4960-9300-4aacfa9e40b2;Lunch|Meal
fc2d7c1b-ebab-43ca-8a91-9d84dac23516;TestPierrick|Busy
