id;name
73635ebe-edb7-46f8-a042-dcce92acc46c;3rd Party Requests
a672b7df-db8c-4b4c-81aa-e82ed70f88fe;Accenture (MG)
a7776204-8531-4b62-9f52-c01f3b98bb83;Alexa Requests
51bca16c-6165-4a62-900d-3fca7bed91b5;Ans Machine GD Message
f029fdee-875a-4c21-92bb-f36f1d32b211;Apple
25e62d04-96a7-4fb8-974f-e51b9f0dcbd6;ARC_test
f3c2ac91-ed7a-4045-9af6-7b785488b822;Arielv1
80965884-24cf-4bdb-8951-cafd61667602;Artelcom
172eefbe-090c-4d26-80e8-1e3b7f5a0104;B2B Inbound
e8689d24-91ee-4791-ba96-6b4b51d89796;B2C Inbound
4357137e-c9ac-4979-b5b0-b230381d3f4a;Banking-Queue
bbb1fc12-a267-4200-b7a6-6877b5599cc8;CanyonUSA
99377943-6b30-4b9d-b0c5-fe6e8a6a7077;CheckPoint_US
c2215f2f-03fc-48a1-9fb4-ad9d424e9f09;ClaimsVoiceQueue
4d0e1a0a-f067-4fd7-b37b-ce0b32ee571d;ClosedHoursQueue
d10b2bd1-65fa-4ef5-9e1b-ed551bc1a605;CPH BGA BGHP
5b75bf51-e189-47dc-a292-5301d26b5470;CPH BGA Healthcare
369ed7ac-aa4a-4c6f-b392-0a65a3bc8c0c;CPH CS BGHP
d58fd2f3-381c-43cd-bb7b-67c1d8038785;CPH CS GeoBlue
4fd8bf3c-a387-4f47-b8a7-7eb17a583363;CPH CS Global Asia
6911eccd-6ef8-4198-94ef-007c2a498a2b;CPH CS Global Main
08762b11-bdc0-4994-98a7-cdbdb7063412;CPH CS HP Ultimate
d303e79c-c386-4bc6-8ea6-d2f33f0bd37a;CPH IT Service Desk
f2dafba9-83a5-49ca-8be5-ca87a9f996a2;CPH Travel Sales Int
79781fa4-3df4-4068-af58-b417b8eb0509;CSC_Coke_MK
e9c3cdad-9472-4dc2-a448-66aacd921475;CSVoiceQueue
a0416ee0-da18-495e-b0a4-014950fb4b57;Danfoss_CoolingCommercial
432168c1-527a-406f-8081-9607b0f20c3a;Danfoss_CoolingTechnical
99be36af-5e24-409f-9458-e0cce509fbf2;DevCon17
eb731d16-0ab4-4551-a2f0-486e99744a81;EccBrewery
3492b5ab-7cff-4c1c-8202-97ae0ae75820;EmailTest
f40f9fe0-dde2-40c3-ab40-c9706ea5645a;example
14708e7e-6f08-4e3b-af48-5eafb2aac716;Example Queue
7c2f25bb-0282-489a-971f-677e7d455cb7;Feedback (MSz)
bf231c7d-4739-4863-b32b-8486ddc22efd;First level
10360a95-7bf3-4a47-937a-b1b1a5369027;Fuhrparkservice
4b1091b5-da39-427f-ba59-d5c8efa46beb;GBank
1a470006-fd58-4860-b982-79da0838b9e7;Genesys
9dd3b1af-286b-4b8e-bc48-9a1929a23f54;IB Chat customer
2291775e-f0b6-43b1-9dd4-c8fc8d58e274;IB Chat Store
ec1a42b6-cc1c-4f46-90eb-b44612845e0b;IB Voice customer
5c95a79f-576a-4fa7-8806-d39a1b02d161;IB Voice Store
02f6aa4b-1be5-4262-974b-b8e48efc6c9d;IncreasePriorityQueue
308ea710-63b7-4387-9a18-ddce59a188b4;IS_test
ca854724-e168-4201-aa5b-d2d02b9250f2;JarekQueue3
54f7d43e-b081-4ca9-9a01-31cf0c7db826;JarekQueue4
a1311bd0-0873-48f9-98f8-432ea3783c28;JarekSEmail
d6e9d29d-2691-45dd-9586-bab945fbce9a;JarekSOutboundQueue
fbd21dab-0b58-478e-901a-57481e66ccee;JarekS_ZendeskQueue
9bbfeabb-1429-47b7-be54-eed4e47ee4c2;Jaroslaw_S1Queue
d93fd703-ff35-43c8-a71c-23ff89791462;Kiwi Test Milan
78afe31a-8dc2-4bc8-9a05-f863782e45fc;Kler (MSz)
1fc7b8f7-ad9d-44fc-802c-9fb47fc72929;Kredyty (MSz)
5b72422f-1173-4e55-bf1d-ce79539b992f;Last Minute (MSz)
60902d56-74d6-4e47-b6a0-062412e65fa2;LeszekQ1
69ad78e2-fab4-40c0-b29f-24b043fe2f38;LeszekQ2
8562156b-166a-4752-b9d4-ad994d3e43f0;LogicalQueue
e3a1d8c0-6a21-4e15-9263-5bd4b13fb4b8;Main-Queue
5297871d-179b-4c50-bed0-09aaa0291c57;Marketing
d7475c82-ecb8-47c6-8e49-b0f6f84e079c;Marketing (SP)
ea581af5-9b07-45dd-92ef-9abf5f3d475a;Marketing Outbound
96d40f4f-913d-4827-ada2-ce149bca2839;MK_Coke_BWS
b6dd79cf-19fd-45dc-a18d-57c5969a4cb8;MK_Coke_Instit
46859176-cf95-41e9-9e48-bfd7e9f45313;MK_Coke_WHS
794df1f2-2d77-4ff0-81cd-5003e93177ce;MK_NewInternet
8836e865-8488-4a1e-a1c2-31bdb181ffed;MK_NewTV
4cabe1de-39fe-4ed7-897c-282426c02e3e;MK_ObslugaKlienta
c7256b20-b979-49ba-ae90-62591877d5c7;MK_Test_PRA_Main
90d3f9fd-4b13-43e7-9e44-f8d724fbf535;MK_Test_PRA_secondary
a72d6791-b6df-420e-b8a8-6d3b453b31e7;Nadia_Test
fcb6c204-1e53-4dbd-9ec2-0d647c83e018;NL_CS_Inbound
5086e421-116d-4da4-98c7-3c49eb965992;Olsztyn
17eb738b-6d90-4985-afd6-ab62d4a6387d;Other Inquires (MSz)
c113dace-44fd-4839-8598-75b6bc7928a7;Outbound (MSz)
1415d46e-e0c8-4566-ac30-ccf39016a8bb;Pierrick Queue
0722a069-cf8e-416a-9ea3-5888091b8f59;Poland (MSz)
42ee07a1-8150-4fca-9a8b-71fe6161b6a1;PSO_EMEA
b0518636-5704-44db-a450-2f58d188917e;Pure Insurance
1f10161c-594b-4e95-b0a8-a9c08e31774f;Pure Security
8e50528e-5a76-4066-994b-e252725b9124;Queue 1
772007db-66e5-4578-bbeb-92b5225a324b;Queue 102
7142e347-28c5-47e8-a0a4-0fbe873e1200;RetentionVoiceQueue
95714f31-731c-4bbe-ba8e-467b27e22f6d;Sales
972d3186-06c6-4185-b103-c1a4da1ffc55;Sales (MSz)
6fe7306d-6afb-4a39-a8bf-b7c712f1dc67;SalesCF
3927728c-fc01-4b9c-8af4-fd14c1e2dd44;SalesQueue
823fd120-7915-4e68-87a1-87800b84cb30;SalesVoiceQueue
ef3e2de7-158c-4c3a-aa8d-0f4e706d98a3;Second level
d3b57908-96eb-4aab-9b39-4064e498a053;Secondary-Queue
0c273de5-c5a0-42c5-b463-3052199e02ef;Service
ec1c4623-9872-4df6-af44-88e199bc68f9;SP_Webchat
49393d13-7b87-409f-9bff-c18e66624dda;Support
02b1a1ee-da59-4236-b383-a5a7b6ff2ce7;SupportQueue
2240676a-7499-461f-936a-13e66172a5f3;Temp-Queue
d11bc000-b40c-4118-a470-d56b026b9a64;Test
f7264e9e-c54f-4fb7-b5cb-3350c4a39d28;Test (JS)
ff0deeca-46af-4c49-bebb-8634b8235238;test-corporate
c0769e8c-5295-4b66-b591-838a6d8a4549;test-internal
8f0d6000-0254-4d4f-b410-9393e3a8c86b;test-retail
197237e9-c19e-4453-b158-d855427b35a3;TestJS1
ca9043f1-13d3-45be-8d4c-73cfd405baf1;testQueue
e2833b61-cee2-41b5-97e6-f6c95f201478;TestQueue
6302aed0-cb44-4cf7-aca6-1961f5ebbb33;TestQueueName
8fe712cd-8d19-4603-a0c1-cee125765403;Tnix_inbound
5474e6a7-2fdb-46b7-9b5c-47d9bf6bdc3d;Travel Agency
5e32657c-aea0-4577-9ec0-492be306f38f;Ubezpieczenia
99812e15-6a79-4335-abe2-ed45233ace02;Viavox
1ccd5f5d-d267-44a3-98f1-95d6cc8a81ea;Wellness
9f182120-ad90-426f-9654-46a764c499eb;XKom
