id;name
fa8b7aa8-832b-4b11-9369-a4840b5afdab;3200 Appliance
715ff192-2dc5-4c2d-a929-3b3086d11972;600 Appliance
a7c22766-348e-4dd4-8e4d-ba65a255e1d3;Accounting
614daf34-15a1-4371-a9fb-c546b09428e1;B2B Inbound
d08e71f1-ed02-40d5-94c9-d11cfb7eb53d;B2C Inbound
1009d2b3-84dc-4ca1-bc2e-bdc0034357f7;BENL_ORDER_T10
e4115491-f19b-4c51-8347-083aeaa8e079;BENL_ORDER_T11
42355353-5507-4b1e-96b2-715ccc2be575;BENL_ORDER_T12
72006f50-0eeb-4520-8ece-785cad2380ac;BENL_ORDER_T13
b8839432-2a07-4c34-b073-16abd25102cf;BENL_ORDER_T14
7660607f-d051-4b6b-992b-60a19060fdb9;BENL_ORDER_T15
10732ea4-8790-451d-a3e5-b53e3796183b;BENL_ORDER_T60
16b5fddc-7c4b-4dc1-af9a-c00b996d24a5;BENL_ORDER_T61
dbc9327d-c304-4335-9639-b2e432405d18;Banking-CreditCards
97570ed2-fc59-4620-b327-2eea51f090bd;Banking-Deposits
14cb06e3-45d0-4967-8f5e-702ef559d230;Banking-Loans
97fac101-0cd4-4c1c-bddb-3cee755d4c4f;CSVoiceSkill
f455f106-3c56-4247-9ff3-c766f6fb762e;Canyon_Logistics_claim
f83db6e4-cc30-48a7-b7b1-7553473c10d9;Canyon_Logistics_delivery
d5c70647-aca3-4a38-9873-5c83f8e0f640;Canyon_logistics
82dc6e95-dc49-43b3-a64c-0595c2395fda;Canyon_sales
728aa10b-26ac-495b-9d18-3ac0a544972a;Claims
c2ac2deb-c01e-46ae-9ff3-479dd1c0aa5b;ClaimsVoiceSkill
323d6750-171e-4265-8502-2de1387ada98;CorpCloudSupport
d03140f0-1584-45de-915d-f35e5c69dc43;CorpPremiseSales
16fb8c36-3208-49cd-9366-cb55df7f483a;CorpPresmiseSupport
f0d02f22-4a76-4190-aafd-193f9725fe34;CorpSaaSSales
6a7c08ed-9c83-48f8-9ac3-6e85cc761df5;CorpSaaSSupport
b0d19532-0211-40ac-a2b6-ab268d358e83;Customer Service
8b783266-8110-416d-9e9d-12fc3fcb1281;Customer Support
9466354a-203e-4eb9-9a73-47f4ecab9f4c;English
4237663c-0066-4ae4-918d-2dc7c82a420a;EnglishSkill
f5b85a1b-af2f-4f32-896e-ee06f1b2a6f5;Extra Special Care
61a0a3d3-b34d-4db7-b6c5-478427b2a1fc;French
4d313012-04cd-4b85-a680-b75240103241;Fuhrparkservice
4c725b69-542e-47f2-a029-f50cabe5bf78;General
c0d5056e-b0c6-40f5-a9f3-fe6a3d6b803e;German
976d93d5-c0f1-4503-8f85-906ecfb5d7ba;Italian
35e8c764-9e46-48c6-8b76-4c7548b6c591;ItalianSkill
7164c107-2452-4f0c-9ead-4812d85040b6;Jarek1
de949434-59f0-4252-bc6b-233b90eb9ed2;Linux
8cb48df7-5f04-4695-acf1-2bfe39d17ad0;Linux Windows:102
5a233981-6311-4e49-92a2-2299c4d73e0d;Linux Windows:2
ea53bb7f-dcbb-41df-a9ac-a0b4f59033f1;MK_Coke_Default
ab3beeeb-a4ba-43c2-8207-f73cc14d0a1e;MK_email
ba3626d5-1227-4832-bb33-37e8842a5305;Marketing
32286cb4-da2e-4c5f-b7e5-bd37168ea0c8;Marketing2
1a057d7e-8b97-4f48-8faf-300526e5c73d;Nordic
11eaee91-5dd7-435b-b12d-7773bedc0a3a;Operator
448a0c5c-8ffc-4286-976d-4cc26c0715e6;Pawel Tomaszewski
441106a2-c945-4fca-bfcc-892d87cf3680;Prawo Karne
fc416e7e-8c12-4b7b-baaf-7b363a072b88;PureCloud
a7ded98c-3868-4ad5-b3c5-2f91ad5c4862;PureConnect
13d0e523-dae1-4190-a700-450d4b08a675;PureEngage
0101a545-332d-426f-b130-ee11b38235bc;Retention
f88d096b-6c60-43d0-b4c6-220cc000133c;RetentionVoiceSkill
de1e3d21-bdcf-4de2-abbb-13fa19ac2016;Sales
48313447-141d-44ed-8e8e-a0a779f26f1b;SkillJS2
c7988e0e-14f4-4c78-84d3-d1fd5d558325;Skill_A
78fbff9d-b26c-4bc8-af67-2578ab8c7526;Skill_B
9bfa6428-b73e-4d1a-b69c-237788fee6f4;Skill_JS
66f9a6d3-6a90-435e-ab57-a44b6bb17e33;Spanish
43fd7c64-b069-442d-ae75-daa0ee6ac316;SpanishSkill
73bca21a-a26b-4254-aa7e-9d6bf23846d7;Special Care
b0ab22c6-4639-4e53-b9ee-11492ccd131e;TGNL0216
be1f831a-ed0c-4866-b26c-e6f3dc378b02;TGNL0815
6c24e7ba-8caf-4b64-a39d-83079046d767;TGNL0816
6a35a008-51ea-413b-ba0b-3e6bf22ba563;TGNL0826
cdc807c5-a15c-4f9c-a27b-b57b0c549236;TGNL0833
42d1aea8-0922-40f8-a72c-eae0e725d74a;TGNL0835
0538ec93-5157-4cd2-8c29-331c84440d94;TGNL0840
c14d9bc6-6185-4a3a-b0aa-c6e36135110f;TGNL1602
d51d5363-bd8d-4e25-b2b9-c16c3278a0a7;TGNL3480
0c8f2cee-b78b-4334-91ea-73f1b3d043c9;TGNL3909
8aa4cc76-3a2a-46e5-812b-0a321d1f27b7;TGNL4005
9ab0b33c-1fd9-4d99-9c6e-43502c40a5b3;TGNL4037
c61a12e4-30e0-42a0-ba1e-f1af45a7ec35;TGNL4074
fac5d787-9f14-45c0-9ad1-4a8f13d3ead6;TGNL4200
2debf4ec-014a-4dec-adc1-76438a18863f;TGNL4363
3988fa93-a31f-4bb5-87dc-f9bdd4f3d984;TGNL5403
87ef1bc6-4c16-40c9-a56c-f9de02b4fe6e;TGNL5404
34b93026-97fd-4669-b25c-984f387ba82d;TGNL6301
fa2c9aa4-dc35-48a4-b2e9-68e2f34ccffe;TGNL6700
3f03e4a6-5441-4233-a3b6-fe6456a167be;TGNL6701
c8031259-26dd-40c7-a741-670c16be1555;TGNL6800
05110a04-489e-4631-acef-dcebd92ef94e;TGNL6901
8e9e5a50-f94b-4d56-bb5e-97b2b10de6b6;TGNL8250
2fc19fc1-410b-45bf-ace3-6d859dbc7357;TGNL8288
cfa80a8b-2b83-45f8-80fa-bca7e60fb80e;TGNL8310
0c314f43-474d-4f3b-9099-dbef3e69a7b0;TGNL8312
df058498-84bf-48da-ab98-f87bbcbdd7b1;TGNL8391
d5c0227b-156e-4cc7-9e6d-8065ac11a249;TGNL8393
cf51b967-f3f5-452d-97e0-6b080a3158e7;TGNL8396
bc60aab4-7398-4c36-8012-338579f26579;TGNL8401
2c12eb00-6c7c-4859-af54-b50f935d5dce;TGNL8668
b38fa086-ffc5-4794-8eb8-001b1f50e69b;TGNL8676
b36c4638-180e-4996-b4b7-fdda69db8947;TGNL8805
17d495f6-62d0-44dd-b46a-dc299e293e6f;TGNL9011
3599db09-70a7-4272-aeba-8605b0c63198;Technical support
1d1d3452-0201-41f7-8937-9eb9bfd423a6;Test2
143896b1-7643-4653-a8d6-d58d19a438ed;Test3
e7b337ae-5de3-4453-9748-7e37d1724709;TestWWW
27dabe00-1219-4892-8676-7688188c8832;Troubleshooting
6cf4cc78-8aa8-431b-ae55-375ee2cbae9c;Windows
099b0daa-cf5e-48a3-8f4c-f74aad621c1c;tenix_Kawasaki
a374d7d0-6b17-436e-8f48-a7a40ed391a6;tenix_MZ
b09db54f-f591-46fd-99ca-c00033f74ec9;tenix_WSK
0e3ce45b-537d-4350-a166-3dd51b3f4e4f;test-creditcards-amex
60d6dae3-e6ee-4cab-9917-8e44ccd11a94;test-creditcards-mastercard
666fb9d0-9a58-4aa9-b378-1f4159a58bb7;test-creditcards-visa
37a03da4-5a77-443d-836c-47633f31f49b;test-deposits
2713a331-9ebb-472e-89e1-0ec20ca0e7f4;test-loans
