id;name
e91efbc7-c7ee-48bb-9e97-8504c8b3f9c7;Agent_DSZ1
3389d486-ee95-449f-8063-b24d6e9bad56;Agent_JSO
d5904778-588a-4541-bd84-d983e106e451;Ahmed Essa
5eed88f8-8694-4da8-8012-c30a2e4dec81;Amelia Taylor
01f5785d-bcb3-4853-81c1-d524532af621;Ariel Syrko
02adba5e-858c-4b67-8fb7-7689aa85c510;Ariel Syrko 2
5c5bd357-9d3d-423e-bb4f-fea7cd2cc3a2;August Ferrer
52aa0d05-efa4-4dfe-99d8-20afcd697375;Berktan Bestel
f31f253e-01f5-493f-a766-69a64f77117e;Bert Barrez
df5af015-55ca-4d2b-bcc2-87a943099896;Bram De Jong
ff9510d9-41cb-43f5-b603-66d7ebabcad0;Bugs B
3911675d-e6fc-4169-9d43-e2c9960d41c7;Chad Eckdahl
7b54782b-b840-4580-a858-e32876473174;Charissa Hoogendoorn
10dcbd4b-0ad6-45b5-9378-5345bbf882eb;CustomerService alscdemo1
9c10589f-5441-49a8-92db-08f7512f6782;Daffy D
4956a90c-5fa9-4796-a142-5c71f31eb43f;Daniel Szlaski
3827399f-00bc-408f-9368-ad43dd59b579;Dariusz Socha
07eb2a46-9928-4de1-97c7-100ce62db969;Dariusz Socha II
060b1e74-5a0b-4bd7-a197-a563ba9654a6;Dariusz2 Socha
04f25736-6f50-4fcc-b0a9-8a32299984f9;Dariusz2 Socha
c0eb6340-5035-4d0a-8457-34d37b32f461;Darlene
bbd6f171-d3af-4997-abd6-20fab80d90e5;Dewey D
3d87aa69-aeac-48c2-8861-703d49c16d55;Donald D
e2b979cf-7550-4115-b105-1e78feef80ee;EPS PureCloud
7bda3fed-4650-4f6d-af60-70f6e0684a89;EPS PureCloud Support
d2f9d755-5f6d-47e5-a7fc-ffdd5173efd6;Elmer F
75cb7479-761c-4114-9db8-919e3d98c02b;Emily Jones
3edf8792-7328-4cae-a17a-50890c8b4a0a;Eric Cohen
80b744ef-ec4a-442f-b83e-98852f60b23a;François
7012728f-5e16-4fd4-a4aa-af8d2e2782c5;Generic
063419b9-5b2e-4a4c-b589-947d5a589355;Generic
e2f4405c-97f1-4b4e-9ece-9b6632400800;Generic
6135964e-7b00-438e-b692-a37abd6b4706;Generic
61874b73-476f-4034-9830-40033a217491;GitHub
cfb1a6af-d89c-4745-a48b-3d2f7d5b29c5;Huey D
9b8789f8-dcd9-4788-a15b-772e315d3cd6;JIRA
8fd2bc1d-b054-43ac-969a-67d7a217b5e0;Jarek1 Test
a5787206-8927-4eb9-a24a-c5403f28300c;Jarek2 Test
f32fc02c-4707-42b0-bf50-c8f8006d10d3;Jarek3 Test
fc540c7a-fe85-41c7-88ca-f4c9aa2397cc;Jarek34Test
9e82b00c-cafa-4344-8fbc-820e2b983bea;Jaroslaw Agent
7ac4301e-134f-48e7-bad1-bf89e6e52c1e;Jaroslaw Solak Genesys
74c13434-61d5-4606-8d50-c3dc7bc052d9;Jaroslaw Solak Gmail
0d141bad-5ecf-4008-8fd4-15682266e91b;Jaroslaw Solak Gmail8
740c1b0e-725b-47d0-8f59-553cef7d4fff;Jaroslaw Solak ININ
f1843eca-d7f8-4ed1-9b90-543d97fbb6a2;Jaroslaw Solak VP
71792f9e-98a8-41fa-8e94-e260c4310b6b;Jaroslaw Supervisor
9c7bf11f-099c-4c04-95d8-5c9b2b080130;Jarosław Solak A
fa86b701-a349-4b31-8ed8-d1a06db43c72;Jerry M
a7c4169d-8f80-4326-a8c0-88efd4239f63;Krzysztof Borecki
6998a335-26e0-41a1-854b-2ac952b159e1;Lance McDonald
9ec285b8-939e-4e8c-bbae-4a47596c7ed6;Leszek Winiarski
4c2351a0-ab5d-4aa8-9f95-21d43745d720;Leszek Winiarski II
bbfae2b6-7f3d-4969-9cc5-d40ea5a652b7;Louis D
89fa122f-9136-4b4b-825d-4a34b8061077;Marcin Grygielski
8f0b71c4-2806-4300-9fef-43c3d6ef5a68;Marcin Szczepański
b96ba8e9-5a21-4ba9-a53c-c4eba5c9fee4;Marcin Szczepański (InIn)
ceee5135-1116-407d-bb61-9c025adc64ff;Marcin Szczepański (Outlook)
9465e52c-ce95-436a-8238-7e76ebcd8b5f;Marvin M
67850010-b4d4-4660-a37f-95c9f30b2801;Matt2 Smith
db6c6446-119d-405e-8122-522bee40f6d8;Matt2 Smith
4c58c9ee-ae0b-4d7a-8997-ecd36ea45f01;Mia Schneider
96fdbfd7-baa9-4edd-8024-b719159ff14b;Michael
2bcb67ed-9ac2-4161-b5a0-6ff99bb2e9bb;Michał Korzeb
2e41d78d-1527-4fe6-a592-884f376807e5;Michał Korzeb2
78c2bf21-74fa-4e6a-97ff-490916e357b0;Mickey M
b3c91aac-3cdb-4888-a028-727c8bc9de4d;Miles Perez
bd99ef41-38e9-4260-943d-f5a3301558ba;Nadia Idris-Jozwiak
a9cb7c18-ea0a-414b-b2a8-2237de741357;Oliver Smith
4ab074f3-4e04-4321-973a-2214c64f0aa6;PCS Dev Support
d2729f4f-5d69-4282-8de2-efd20d0519f6;PPL_test2_user
9565d860-ac81-49ec-b049-a2275a567c99;PPL_test_user
7d8d43ca-fa7e-4274-9df7-a66a664ff8ca;Pierrick Lozach
629f628a-d8e3-4d54-9e75-562c11b8fc43;Purecloud Support
f8bf8922-b99b-498e-b4cf-b1d6edd9b70b;Road R
7ff7af6b-4d8c-414d-82e1-e3a4884860c8;Roger R
2ff7b6bd-18b7-4038-97b4-2fe4b773030f;Rohit Raj
36c840fb-9308-4aed-9ee3-81766d318b0a;SalesRep1
fff00886-94d6-4be4-9bf0-358277c75514;SalesRep2
873c5f39-e7e9-4173-8b71-a901d31b5783;SalesRep3
b1d6d7a3-8df9-453d-828a-91fed9d51a26;Samantha Greatorex
5fb24515-cd2f-4235-82f9-55eced0c1335;Sebastian Pusz
54cdce15-5ff2-454d-a2b6-8969d1b0ba74;Sebastian Pusz
949adf88-5008-4f99-8d95-84603c3c3e1f;Shahzad Ahmad
1c46781f-c495-4a19-ace0-289262ecfc05;SupportEngineer1
42366b69-09f6-4d00-8311-ba501159ae61;SupportEngineer2
3e4b6693-9439-4571-bc76-6cd5878d35ed;SupportEngineer3
ab2cfcf6-60af-42ba-877e-edd54ef61053;Tasmanian D
fe9e6eeb-7796-4054-99ec-6a19e600bca6;Test Ivana
b174c039-e5f9-481c-b8b5-c73ff8f1758b;Test Person
5ec0a041-3c18-4bba-98de-4ecbc7a98162;Test Test1
acff4cd1-01e1-4b91-a573-ba8a9efc1935;Test User
4b5ea175-bf94-4174-9773-3395bfc6ea96;Test2
2e1ae61b-77a9-4ad6-8f75-86e12c116557;TestPerson14
4eef0bf8-695c-4d5d-8e3a-7b0ecebdb3e5;TestPerson15
66e4efc2-0845-401e-b4da-1aee550490ca;Tobias Braun
9a33cd74-538b-4aa4-8d03-7613aa06cc59;Tom C
9d29c05f-1869-4db1-a32f-723d1481a2fe;UserWithoutJoinQueue
f9808a9f-9998-4be4-b0a0-6f2f6e42978d;Véronique
335d4cd0-3711-4f6b-b207-0c2f82dfb6d5;Wiley C
f37becd7-5bfe-4b21-98f5-a1896ea9e69f;William Dummett
fb0bef17-fdba-4c1c-bf75-f557d9161785;aToDelete
b0c0c094-15f5-45e8-ae6e-3dd22ef4f43d;agent
5045ba60-2fe3-4074-acc2-764fa94ff8ce;bot
