id;name
b34db211-0c7e-4207-af9c-311240ec64d5;Answering machine
30c11543-b4cb-428e-8531-849d784aab12;Automatic
b9953717-81a3-4c40-8c4b-1c22f6a3b920;Bonus | reason 1
252c9110-593d-4dab-939b-7ea54771723e;Busy
4c118109-69f4-44f0-85eb-82a116d9a386;Call me again
e4fa5f18-2ff0-4f0f-9346-2b2cdf5656ed;Callback
03a75eb7-c879-4b1d-8674-28dcefd9aacc;Canyon_askfordelivery
4c951ee5-b25d-4c56-9852-441a5fb707c6;Canyon_lostpackage
2b8fb876-592b-4e50-8c36-8faa5d3506fe;Canyon_newcustomer
0580e219-50f2-4b88-99eb-7a8fc2243f8b;Canyon_returningcustomer
69dcb6f4-03b1-44b8-922c-92c5591a559c;Complaint
df656b7b-371d-4c93-ab67-9289e52eb00c;Disconnected by PureExtension
4178b9b0-3be9-4e2d-8053-b6e9695d043e;Do Not Call
37762b4e-6615-483f-91aa-56f939155c7e;Escalated
885f0b1f-ea32-46ed-9526-1a22cd4f4860;Failure
f3ab93ac-e1a8-4eff-8f7d-85beb0fd67ac;Informacja
1b9b4868-ff03-4570-b179-415a3715e1a1;Inne
8f751829-6ba2-44d9-acf8-f104a8f42074;Istniejące zamówienie
bb575c4c-9312-4c73-8495-06e02a601d22;Klient zaplacił
181ec794-10f7-4db1-bc86-83131a7b9fb4;Manual
396af204-1c63-4189-b87f-9939fc5cba19;New customer
70638770-4264-41cb-bf7e-35795956a898;New order
364f38a7-6524-4f13-8259-ee010f2a780d;No Answer
e14648e1-7c75-4f8a-90ea-2eb00655dbd2;No BID/Multiple/Separators/Subgroup1/Info-Airport
fcb67310-619d-4d40-8e4d-a3d078c777fa;No BID/Subgroup1/Info-Additional services-Meals
f85931b8-49eb-47a3-8cdb-222e26ca729a;No BID/Subgroup1/Info-Additional services-Seats
8ab008be-1608-4122-ad7f-d6168f2afd17;No BID/Subgroup1/Info-Airport
7e1d1192-97cc-4905-b2dd-f5461ca04a69;No BID/Subgroup2/Info-Test1
a2a0895c-c18b-4025-81b6-f724ba460f97;No BID/Subgroup2/Info-Test2
01806bcd-d10e-4fc9-bbfa-73e74e262bc2;No BID/Subgroup2/Info-Test3
52a29ad0-5dee-4d1b-a2e6-59138e7a4fb8;No BID/Subgroup3/Info-Test5
b3689002-10ba-4792-97f3-8ae8b296d00a;No BID/Subgroup3/Info-Test6
6caa9dcc-5c00-4900-85bb-fd2c1d740a23;Not interested
3789a122-0a16-45a1-b721-49b03ae35776;Nowe zamówienie
d87d29a3-5369-4569-8146-b304211e2c5c;Nowy klient
96215386-3dc0-4c76-96de-22b728034ef9;Order status
82b150e4-c4fd-43ce-b31b-8832f5934aa3;Ponowne zamówienie
cc944693-6341-4cbf-924d-3086ab2dce9c;Product inquiry
18b187eb-0329-429d-bd15-9d572aa2dbdc;Pytania dotyczące oferty
441bb25d-13c1-4543-bc7e-ea6e3a005cc8;RecordingPaused
7238a9b2-3be1-41dd-9008-4cd0404c1d3b;RecordingUnpaused
fb898394-91c7-405e-b82b-d8788e859e9b;Reklamacja
316b6d8d-391c-490e-9469-b2f932e8f93d;Rescheduled
b8586557-4f19-468c-b271-587131b31cd3;Rescheduled by PureExtension
2126766d-e72e-42c7-8c23-2f16b5dde85e;Solved
0d96421c-5697-48e7-b8ab-dd6433ae6227;Success
db00a0c2-c334-4df9-9305-0d748f115fe8;Test MarcinG
924eb080-dd5d-48f1-978f-11fc9d99813e;test-creditcard-inquiry
720cb8d3-fc35-45d5-8a28-6fbf01eedb40;test-deposit-inquiry
eb6cd4b9-2e27-44fc-81fa-1ab0a311870a;test-loan-inquiry
325f8627-e0f3-48ed-a204-584cdebabd50;test-other-inquiry
307e23fa-32e3-4605-a05c-321446ebde74;Transfer
aacc34ac-169d-4419-a937-a517b9cf20d7;unitTest-wrapUpCode-5a8b30f0352e11e9b
c71311a5-19a0-4ed4-95fe-51b41822b832;Valid BID/In Transit/Additional services-Meals
54b2a5b1-27a5-4929-85ce-89d39be530a1;Valid BID/In Transit/Additional services-Seats
d06472b9-c6ab-4f16-afbe-2864b60ed9d7;Valid BID/Pre flight/Additional services-Meals
616ad71f-426c-470d-b622-258c30def1cd;Valid BID/Pre flight/Additional services-Seats
